{
  "id": "00000000-0000-0000-0000-000000000000",
  "revision": 0,
  "last_node_id": 6,
  "last_link_id": 4,
  "nodes": [
    {
      "id": 1,
      "type": "LoadImage",
      "pos": [
        105.03065490722656,
        131.2198028564453
      ],
      "size": [
        214.080078125,
        326
      ],
      "flags": {},
      "order": 0,
      "mode": 0,
      "inputs": [],
      "outputs": [
        {
          "name": "IMAGE",
          "type": "IMAGE",
          "links": [
            3
          ]
        },
        {
          "name": "MASK",
          "type": "MASK",
          "links": null
        }
      ],
      "title": "$image.image!",
      "properties": {
        "widget_ue_connectable": {},
        "Node name for S&R": "LoadImage"
      },
      "widgets_values": [
        "06.JPG",
        "image"
      ]
    },
    {
      "id": 4,
      "type": "ImageBlur",
      "pos": [
        429.81842041015625,
        131.2198028564453
      ],
      "size": [
        270,
        82
      ],
      "flags": {},
      "order": 1,
      "mode": 0,
      "inputs": [
        {
          "name": "image",
          "type": "IMAGE",
          "link": 3
        }
      ],
      "outputs": [
        {
          "name": "IMAGE",
          "type": "IMAGE",
          "links": [
            4
          ]
        }
      ],
      "properties": {
        "widget_ue_connectable": {},
        "Node name for S&R": "ImageBlur"
      },
      "widgets_values": [
        30,
        1
      ]
    },
    {
      "id": 6,
      "type": "SaveImage",
      "pos": [
        801.5218505859375,
        131.2198028564453
      ],
      "size": [
        212.11834716796875,
        327.8161315917969
      ],
      "flags": {},
      "order": 2,
      "mode": 0,
      "inputs": [
        {
          "name": "images",
          "type": "IMAGE",
          "link": 4
        }
      ],
      "outputs": [],
      "properties": {
        "widget_ue_connectable": {},
        "Node name for S&R": "SaveImage"
      },
      "widgets_values": [
        "ComfyUI"
      ]
    }
  ],
  "links": [
    [
      3,
      1,
      0,
      4,
      0,
      "IMAGE"
    ],
    [
      4,
      4,
      0,
      6,
      0,
      "IMAGE"
    ]
  ],
  "groups": [],
  "config": {},
  "extra": {
    "ue_links": [],
    "links_added_by_ue": [],
    "ds": {
      "scale": 1.08243216,
      "offset": [
        133.6682616923536,
        108.1746918021235
      ]
    },
    "frontendVersion": "1.23.4",
    "VHS_latentpreview": false,
    "VHS_latentpreviewrate": 0,
    "VHS_MetadataImage": true,
    "VHS_KeepIntermediate": true
  },
  "version": 0.4
}