{
  "1": {
    "inputs": {
      "image": "06.JPG"
    },
    "class_type": "LoadImage",
    "_meta": {
      "title": "$image.image!"
    }
  },
  "4": {
    "inputs": {
      "blur_radius": 30,
      "sigma": 1,
      "image": [
        "1",
        0
      ]
    },
    "class_type": "ImageBlur",
    "_meta": {
      "title": "Image Blur"
    }
  },
  "6": {
    "inputs": {
      "filename_prefix": "ComfyUI",
      "images": [
        "4",
        0
      ]
    },
    "class_type": "SaveImage",
    "_meta": {
      "title": "Save Image"
    }
  }
}