{
  "id": "00000000-0000-0000-0000-000000000000",
  "revision": 0,
  "last_node_id": 15,
  "last_link_id": 31,
  "nodes": [
    {
      "id": 3,
      "type": "SaveImage",
      "pos": [
        1336.178955078125,
        -51.5300178527832
      ],
      "size": [
        270,
        270
      ],
      "flags": {},
      "order": 12,
      "mode": 0,
      "inputs": [
        {
          "name": "images",
          "type": "IMAGE",
          "link": 15
        }
      ],
      "outputs": [],
      "properties": {
        "Node name for S&R": "SaveImage",
        "widget_ue_connectable": {}
      },
      "widgets_values": [
        "ComfyUI"
      ]
    },
    {
      "id": 4,
      "type": "FluxGuidance",
      "pos": [
        1029.68505859375,
        -181.55372619628906
      ],
      "size": [
        270,
        58
      ],
      "flags": {},
      "order": 8,
      "mode": 0,
      "inputs": [
        {
          "name": "conditioning",
          "type": "CONDITIONING",
          "link": 16
        }
      ],
      "outputs": [
        {
          "name": "CONDITIONING",
          "type": "CONDITIONING",
          "links": [
            18
          ]
        }
      ],
      "properties": {
        "Node name for S&R": "FluxGuidance",
        "widget_ue_connectable": {}
      },
      "widgets_values": [
        3.5
      ]
    },
    {
      "id": 5,
      "type": "KSampler",
      "pos": [
        1029.68505859375,
        -58.695335388183594
      ],
      "size": [
        268.0655822753906,
        273.35015869140625
      ],
      "flags": {},
      "order": 10,
      "mode": 0,
      "inputs": [
        {
          "name": "model",
          "type": "MODEL",
          "link": 17
        },
        {
          "name": "positive",
          "type": "CONDITIONING",
          "link": 18
        },
        {
          "name": "negative",
          "type": "CONDITIONING",
          "link": 19
        },
        {
          "name": "latent_image",
          "type": "LATENT",
          "link": 20
        }
      ],
      "outputs": [
        {
          "name": "LATENT",
          "type": "LATENT",
          "links": [
            21
          ]
        }
      ],
      "properties": {
        "Node name for S&R": "KSampler",
        "widget_ue_connectable": {}
      },
      "widgets_values": [
        296694570599682,
        "randomize",
        8,
        1.5,
        "euler",
        "simple",
        1
      ]
    },
    {
      "id": 6,
      "type": "VAEDecode",
      "pos": [
        1029.68505859375,
        271.6034240722656
      ],
      "size": [
        149.77244567871094,
        59.24237060546875
      ],
      "flags": {},
      "order": 11,
      "mode": 0,
      "inputs": [
        {
          "name": "samples",
          "type": "LATENT",
          "link": 21
        },
        {
          "name": "vae",
          "type": "VAE",
          "link": 31
        }
      ],
      "outputs": [
        {
          "name": "IMAGE",
          "type": "IMAGE",
          "links": [
            15
          ]
        }
      ],
      "properties": {
        "Node name for S&R": "VAEDecode",
        "widget_ue_connectable": {}
      },
      "widgets_values": []
    },
    {
      "id": 7,
      "type": "EmptyLatentImage",
      "pos": [
        642.8049926757812,
        205.71595764160156
      ],
      "size": [
        270,
        106
      ],
      "flags": {},
      "order": 6,
      "mode": 0,
      "inputs": [
        {
          "name": "width",
          "type": "INT",
          "widget": {
            "name": "width"
          },
          "link": 23
        },
        {
          "name": "height",
          "type": "INT",
          "widget": {
            "name": "height"
          },
          "link": 24
        }
      ],
      "outputs": [
        {
          "name": "LATENT",
          "type": "LATENT",
          "links": [
            20
          ]
        }
      ],
      "properties": {
        "Node name for S&R": "EmptyLatentImage",
        "widget_ue_connectable": {}
      },
      "widgets_values": [
        512,
        512,
        1
      ]
    },
    {
      "id": 8,
      "type": "CLIPTextEncode",
      "pos": [
        642.8049926757812,
        -39.96919250488281
      ],
      "size": [
        400,
        200
      ],
      "flags": {
        "collapsed": true
      },
      "order": 7,
      "mode": 0,
      "inputs": [
        {
          "name": "clip",
          "type": "CLIP",
          "link": 30
        },
        {
          "name": "text",
          "type": "STRING",
          "widget": {
            "name": "text"
          },
          "link": 25
        }
      ],
      "outputs": [
        {
          "name": "CONDITIONING",
          "type": "CONDITIONING",
          "links": [
            16,
            28
          ]
        }
      ],
      "title": "CLIP Text Encode (Prompt),$prompt.text",
      "properties": {
        "Node name for S&R": "CLIPTextEncode",
        "widget_ue_connectable": {}
      },
      "widgets_values": [
        ""
      ]
    },
    {
      "id": 9,
      "type": "LoraLoaderModelOnly",
      "pos": [
        642.8049926757812,
        -179.31875610351562
      ],
      "size": [
        270,
        82
      ],
      "flags": {},
      "order": 5,
      "mode": 0,
      "inputs": [
        {
          "name": "model",
          "type": "MODEL",
          "link": 29
        }
      ],
      "outputs": [
        {
          "name": "MODEL",
          "type": "MODEL",
          "links": [
            17
          ]
        }
      ],
      "properties": {
        "Node name for S&R": "LoraLoaderModelOnly",
        "widget_ue_connectable": {}
      },
      "widgets_values": [
        "FLUX.1-Turbo-Alpha.safetensors",
        1.0000000000000002
      ]
    },
    {
      "id": 10,
      "type": "easy int",
      "pos": [
        138.95907592773438,
        212.3616943359375
      ],
      "size": [
        270,
        58
      ],
      "flags": {},
      "order": 1,
      "mode": 0,
      "inputs": [],
      "outputs": [
        {
          "name": "int",
          "type": "INT",
          "links": [
            23
          ]
        }
      ],
      "title": "$width.value:The width of the image",
      "properties": {
        "Node name for S&R": "easy int",
        "widget_ue_connectable": {}
      },
      "widgets_values": [
        512
      ]
    },
    {
      "id": 11,
      "type": "easy int",
      "pos": [
        138.95907592773438,
        338.7720031738281
      ],
      "size": [
        274.1744079589844,
        58
      ],
      "flags": {},
      "order": 2,
      "mode": 0,
      "inputs": [],
      "outputs": [
        {
          "name": "int",
          "type": "INT",
          "links": [
            24
          ]
        }
      ],
      "title": "$height.value:The height of the image",
      "properties": {
        "Node name for S&R": "easy int",
        "widget_ue_connectable": {}
      },
      "widgets_values": [
        512
      ]
    },
    {
      "id": 12,
      "type": "PrimitiveStringMultiline",
      "pos": [
        138.95907592773438,
        457.2550048828125
      ],
      "size": [
        486.0762023925781,
        151.45387268066406
      ],
      "flags": {},
      "order": 3,
      "mode": 0,
      "inputs": [],
      "outputs": [
        {
          "name": "STRING",
          "type": "STRING",
          "links": [
            25
          ]
        }
      ],
      "title": "$prompt.value!:The prompt to generate the image, must be english",
      "properties": {
        "Node name for S&R": "PrimitiveStringMultiline",
        "widget_ue_connectable": {}
      },
      "widgets_values": [
        ""
      ]
    },
    {
      "id": 13,
      "type": "PrimitiveStringMultiline",
      "pos": [
        650.6206665039062,
        402.2890319824219
      ],
      "size": [
        400,
        200
      ],
      "flags": {},
      "order": 4,
      "mode": 0,
      "inputs": [],
      "outputs": [
        {
          "name": "STRING",
          "type": "STRING",
          "links": null
        }
      ],
      "title": "MCP",
      "properties": {
        "Node name for S&R": "PrimitiveStringMultiline",
        "widget_ue_connectable": {}
      },
      "widgets_values": [
        "Generate high-quality images from text prompts using local FLUX 1.1 model.\n    \n    Creates completely new images with exceptional detail, style diversity, and prompt adherence.\n    The model excels at photorealistic scenes, artistic styles, and complex compositions.\n    \n    Prompt writing tips for best results:\n    - Be detailed and specific: include colors, mood, lighting, and composition\n    - Use natural language and full sentences rather than keywords\n    - For photos: mention camera type, settings (e.g., \"shot on DSLR, f/2.8, golden hour\")\n    - For portraits: describe features, expressions, clothing, and background\n    - For scenes: specify foreground, middle ground, and background elements\n    \n    Excellent prompt examples:\n    - \"birthday, girl selfie with bright smile and colorful balloons\"\n    - \"Close-up portrait of a child with bright vivid emotions, sparkling eyes full of joy, sunlight dancing on rosy cheeks\"\n    - \"Serene lake reflecting dense forest during golden hour, shot on DSLR with wide-angle lens, f/8, perfect symmetry\"\n    - \"Vintage travel poster for Paris, Eiffel Tower silhouette in warm sunset colors, 'PARIS' in golden Art Deco font\"\n    - \"Ethereal dragon with neon lightning crystal on head, glowing blue eyes, majestic wings spread wide\""
      ]
    },
    {
      "id": 14,
      "type": "ConditioningZeroOut",
      "pos": [
        642.8049926757812,
        25.35112190246582
      ],
      "size": [
        197.712890625,
        26
      ],
      "flags": {
        "collapsed": true
      },
      "order": 9,
      "mode": 0,
      "inputs": [
        {
          "name": "conditioning",
          "type": "CONDITIONING",
          "link": 28
        }
      ],
      "outputs": [
        {
          "name": "CONDITIONING",
          "type": "CONDITIONING",
          "links": [
            19
          ]
        }
      ],
      "properties": {
        "Node name for S&R": "ConditioningZeroOut",
        "widget_ue_connectable": {}
      },
      "widgets_values": []
    },
    {
      "id": 15,
      "type": "CheckpointLoaderSimple",
      "pos": [
        138.95907592773438,
        -101.15928649902344
      ],
      "size": [
        266.9232177734375,
        110.03739929199219
      ],
      "flags": {},
      "order": 0,
      "mode": 0,
      "inputs": [],
      "outputs": [
        {
          "name": "MODEL",
          "type": "MODEL",
          "links": [
            29
          ]
        },
        {
          "name": "CLIP",
          "type": "CLIP",
          "links": [
            30
          ]
        },
        {
          "name": "VAE",
          "type": "VAE",
          "links": [
            31
          ]
        }
      ],
      "properties": {
        "Node name for S&R": "CheckpointLoaderSimple",
        "widget_ue_connectable": {}
      },
      "widgets_values": [
        "flux1-dev-fp8.safetensors"
      ]
    }
  ],
  "links": [
    [
      15,
      6,
      0,
      3,
      0,
      "IMAGE"
    ],
    [
      16,
      8,
      0,
      4,
      0,
      "CONDITIONING"
    ],
    [
      17,
      9,
      0,
      5,
      0,
      "MODEL"
    ],
    [
      18,
      4,
      0,
      5,
      1,
      "CONDITIONING"
    ],
    [
      19,
      14,
      0,
      5,
      2,
      "CONDITIONING"
    ],
    [
      20,
      7,
      0,
      5,
      3,
      "LATENT"
    ],
    [
      21,
      5,
      0,
      6,
      0,
      "LATENT"
    ],
    [
      23,
      10,
      0,
      7,
      0,
      "INT"
    ],
    [
      24,
      11,
      0,
      7,
      1,
      "INT"
    ],
    [
      25,
      12,
      0,
      8,
      1,
      "STRING"
    ],
    [
      28,
      8,
      0,
      14,
      0,
      "CONDITIONING"
    ],
    [
      29,
      15,
      0,
      9,
      0,
      "MODEL"
    ],
    [
      30,
      15,
      1,
      8,
      0,
      "CLIP"
    ],
    [
      31,
      15,
      2,
      6,
      1,
      "VAE"
    ]
  ],
  "groups": [],
  "config": {},
  "extra": {
    "ue_links": [],
    "links_added_by_ue": [],
    "ds": {
      "scale": 0.876922695000006,
      "offset": [
        -22.718636757811687,
        287.68132973565696
      ]
    },
    "frontendVersion": "1.23.4",
    "VHS_latentpreview": false,
    "VHS_latentpreviewrate": 0,
    "VHS_MetadataImage": true,
    "VHS_KeepIntermediate": true
  },
  "version": 0.4
}