{
  "3": {
    "inputs": {
      "seed": 998203238722200,
      "steps": 50,
      "cfg": 4.98,
      "sampler_name": "dpmpp_3m_sde_gpu",
      "scheduler": "exponential",
      "denoise": 1,
      "model": [
        "4",
        0
      ],
      "positive": [
        "6",
        0
      ],
      "negative": [
        "7",
        0
      ],
      "latent_image": [
        "11",
        0
      ]
    },
    "class_type": "KSampler",
    "_meta": {
      "title": "KSampler"
    }
  },
  "4": {
    "inputs": {
      "ckpt_name": "stable_audio_open_1.0.safetensors"
    },
    "class_type": "CheckpointLoaderSimple",
    "_meta": {
      "title": "Load Checkpoint"
    }
  },
  "6": {
    "inputs": {
      "text": [
        "20",
        0
      ],
      "clip": [
        "10",
        0
      ]
    },
    "class_type": "CLIPTextEncode",
    "_meta": {
      "title": "CLIP Text Encode (Prompt)"
    }
  },
  "7": {
    "inputs": {
      "text": "",
      "clip": [
        "10",
        0
      ]
    },
    "class_type": "CLIPTextEncode",
    "_meta": {
      "title": "CLIP Text Encode (Prompt)"
    }
  },
  "10": {
    "inputs": {
      "clip_name": "t5_base.safetensors",
      "type": "stable_audio",
      "device": "default"
    },
    "class_type": "CLIPLoader",
    "_meta": {
      "title": "Load CLIP"
    }
  },
  "11": {
    "inputs": {
      "seconds": [
        "22",
        0
      ],
      "batch_size": 1
    },
    "class_type": "EmptyLatentAudio",
    "_meta": {
      "title": "EmptyLatentAudio"
    }
  },
  "12": {
    "inputs": {
      "samples": [
        "3",
        0
      ],
      "vae": [
        "4",
        2
      ]
    },
    "class_type": "VAEDecodeAudio",
    "_meta": {
      "title": "VAEDecodeAudio"
    }
  },
  "18": {
    "inputs": {
      "filename_prefix": "audio/ComfyUI",
      "quality": "V0",
      "audioUI": "",
      "audio": [
        "12",
        0
      ]
    },
    "class_type": "SaveAudioMP3",
    "_meta": {
      "title": "Save Audio (MP3)"
    }
  },
  "20": {
    "inputs": {
      "value": ""
    },
    "class_type": "PrimitiveStringMultiline",
    "_meta": {
      "title": "$prompt.value!:The prompt to generate the audio, must be english, for example: 'heaven church electronic dance music"
    }
  },
  "22": {
    "inputs": {
      "value": 10.000000000000002
    },
    "class_type": "easy float",
    "_meta": {
      "title": "$seconds.value:The seconds of the audio, must be a number, for example: 10.0"
    }
  },
  "23": {
    "inputs": {
      "value": " Generate audio based on prompt using Stable Audio Open 1.0"
    },
    "class_type": "PrimitiveStringMultiline",
    "_meta": {
      "title": "MCP"
    }
  }
}