{
  "11": {
    "inputs": {
      "model_name": "umt5-xxl-enc-bf16.safetensors",
      "precision": "bf16",
      "load_device": "offload_device",
      "quantization": "disabled"
    },
    "class_type": "LoadWanVideoT5TextEncoder",
    "_meta": {
      "title": "WanVideo T5 Text Encoder Loader"
    }
  },
  "16": {
    "inputs": {
      "positive_prompt": [
        "174",
        0
      ],
      "negative_prompt": "色调艳丽，过曝，静态，细节模糊不清，字幕，风格，作品，画作，画面，静止，整体发灰，最差质量，低质量，JPEG压缩残留，丑陋的，残缺的，多余的手指，画得不好的手部，画得不好的脸部，畸形的，毁容的，形态畸形的肢体，手指融合，静止不动的画面，杂乱的背景，三条腿，背景人很多，倒着走",
      "force_offload": true,
      "use_disk_cache": false,
      "device": "cpu",
      "t5": [
        "11",
        0
      ]
    },
    "class_type": "WanVideoTextEncode",
    "_meta": {
      "title": "WanVideo TextEncode"
    }
  },
  "22": {
    "inputs": {
      "model": "Wan2_2-T2V-A14B_HIGH_fp8_e4m3fn_scaled_KJ.safetensors",
      "base_precision": "bf16",
      "quantization": "fp8_e4m3fn_scaled",
      "load_device": "offload_device",
      "attention_mode": "sageattn"
    },
    "class_type": "WanVideoModelLoader",
    "_meta": {
      "title": "WanVideo Model Loader"
    }
  },
  "27": {
    "inputs": {
      "steps": 8,
      "cfg": 1.0000000000000002,
      "shift": 8.000000000000002,
      "seed": [
        "109",
        0
      ],
      "force_offload": true,
      "scheduler": "unipc",
      "riflex_freq_index": 0,
      "denoise_strength": 1,
      "batched_cfg": false,
      "rope_function": "comfy",
      "start_step": 0,
      "end_step": 4,
      "model": [
        "80",
        0
      ],
      "image_embeds": [
        "105",
        0
      ],
      "text_embeds": [
        "16",
        0
      ]
    },
    "class_type": "WanVideoSampler",
    "_meta": {
      "title": "WanVideo Sampler"
    }
  },
  "28": {
    "inputs": {
      "enable_vae_tiling": false,
      "tile_x": 272,
      "tile_y": 272,
      "tile_stride_x": 144,
      "tile_stride_y": 128,
      "normalization": "default",
      "vae": [
        "38",
        0
      ],
      "samples": [
        "90",
        0
      ]
    },
    "class_type": "WanVideoDecode",
    "_meta": {
      "title": "WanVideo Decode"
    }
  },
  "38": {
    "inputs": {
      "model_name": "Wan2_1_VAE_bf16.safetensors",
      "precision": "bf16"
    },
    "class_type": "WanVideoVAELoader",
    "_meta": {
      "title": "WanVideo VAE Loader"
    }
  },
  "39": {
    "inputs": {
      "blocks_to_swap": 40,
      "offload_img_emb": false,
      "offload_txt_emb": false,
      "use_non_blocking": false,
      "vace_blocks_to_swap": 1
    },
    "class_type": "WanVideoBlockSwap",
    "_meta": {
      "title": "WanVideo Block Swap"
    }
  },
  "56": {
    "inputs": {
      "lora": "Wan21_I2V_14B_lightx2v_cfg_step_distill_lora_rank64.safetensors",
      "strength": 3.0000000000000004,
      "low_mem_load": false,
      "merge_loras": false
    },
    "class_type": "WanVideoLoraSelect",
    "_meta": {
      "title": "WanVideo Lora Select"
    }
  },
  "60": {
    "inputs": {
      "frame_rate": 16,
      "loop_count": 0,
      "filename_prefix": "Video-wan2.2-kj",
      "format": "video/h264-mp4",
      "pix_fmt": "yuv420p",
      "crf": 19,
      "save_metadata": true,
      "trim_to_audio": false,
      "pingpong": false,
      "save_output": true,
      "images": [
        "28",
        0
      ]
    },
    "class_type": "VHS_VideoCombine",
    "_meta": {
      "title": "Video Combine 🎥🅥🅗🅢"
    }
  },
  "71": {
    "inputs": {
      "model": "Wan2_2-T2V-A14B-LOW_fp8_e4m3fn_scaled_KJ.safetensors",
      "base_precision": "bf16",
      "quantization": "fp8_e4m3fn_scaled",
      "load_device": "offload_device",
      "attention_mode": "sageattn"
    },
    "class_type": "WanVideoModelLoader",
    "_meta": {
      "title": "WanVideo Model Loader"
    }
  },
  "79": {
    "inputs": {
      "model": [
        "93",
        0
      ],
      "lora": [
        "97",
        0
      ]
    },
    "class_type": "WanVideoSetLoRAs",
    "_meta": {
      "title": "WanVideo Set LoRAs"
    }
  },
  "80": {
    "inputs": {
      "model": [
        "92",
        0
      ],
      "lora": [
        "56",
        0
      ]
    },
    "class_type": "WanVideoSetLoRAs",
    "_meta": {
      "title": "WanVideo Set LoRAs"
    }
  },
  "90": {
    "inputs": {
      "steps": 8,
      "cfg": 1.0000000000000002,
      "shift": 8.000000000000002,
      "seed": [
        "109",
        0
      ],
      "force_offload": true,
      "scheduler": "unipc",
      "riflex_freq_index": 0,
      "denoise_strength": 1,
      "batched_cfg": false,
      "rope_function": "comfy",
      "start_step": 4,
      "end_step": -1,
      "model": [
        "79",
        0
      ],
      "image_embeds": [
        "105",
        0
      ],
      "text_embeds": [
        "16",
        0
      ],
      "samples": [
        "27",
        0
      ]
    },
    "class_type": "WanVideoSampler",
    "_meta": {
      "title": "WanVideo Sampler"
    }
  },
  "92": {
    "inputs": {
      "model": [
        "22",
        0
      ],
      "block_swap_args": [
        "39",
        0
      ]
    },
    "class_type": "WanVideoSetBlockSwap",
    "_meta": {
      "title": "WanVideo Set BlockSwap"
    }
  },
  "93": {
    "inputs": {
      "model": [
        "71",
        0
      ],
      "block_swap_args": [
        "39",
        0
      ]
    },
    "class_type": "WanVideoSetBlockSwap",
    "_meta": {
      "title": "WanVideo Set BlockSwap"
    }
  },
  "95": {
    "inputs": {
      "steps": 8,
      "cfg_scale_start": 2,
      "cfg_scale_end": 2,
      "interpolation": "linear",
      "start_percent": 0,
      "end_percent": 0.01
    },
    "class_type": "CreateCFGScheduleFloatList",
    "_meta": {
      "title": "Create CFG Schedule Float List"
    }
  },
  "97": {
    "inputs": {
      "lora": "Wan21_I2V_14B_lightx2v_cfg_step_distill_lora_rank64.safetensors",
      "strength": 1.0000000000000002,
      "low_mem_load": false,
      "merge_loras": false
    },
    "class_type": "WanVideoLoraSelect",
    "_meta": {
      "title": "WanVideo Lora Select"
    }
  },
  "105": {
    "inputs": {
      "width": [
        "169",
        0
      ],
      "height": [
        "170",
        0
      ],
      "num_frames": [
        "171",
        0
      ]
    },
    "class_type": "WanVideoEmptyEmbeds",
    "_meta": {
      "title": "WanVideo Empty Embeds"
    }
  },
  "109": {
    "inputs": {
      "seed": 858801122032022
    },
    "class_type": "easy seed",
    "_meta": {
      "title": "EasySeed"
    }
  },
  "149": {
    "inputs": {
      "Value": 5
    },
    "class_type": "DF_Integer",
    "_meta": {
      "title": "时长"
    }
  },
  "157": {
    "inputs": {
      "image": [
        "159",
        0
      ]
    },
    "class_type": "easy imageSize",
    "_meta": {
      "title": "ImageSize"
    }
  },
  "159": {
    "inputs": {
      "width": [
        "176",
        0
      ],
      "height": [
        "177",
        0
      ],
      "batch_size": 1,
      "color": 0
    },
    "class_type": "EmptyImage",
    "_meta": {
      "title": "EmptyImage"
    }
  },
  "167": {
    "inputs": {
      "value": "a/16",
      "a": [
        "157",
        0
      ]
    },
    "class_type": "SimpleMath+",
    "_meta": {
      "title": "🔧 Simple Math"
    }
  },
  "168": {
    "inputs": {
      "value": "a/16",
      "a": [
        "157",
        1
      ]
    },
    "class_type": "SimpleMath+",
    "_meta": {
      "title": "🔧 Simple Math"
    }
  },
  "169": {
    "inputs": {
      "value": "a*16",
      "a": [
        "167",
        0
      ]
    },
    "class_type": "SimpleMath+",
    "_meta": {
      "title": "🔧 Simple Math"
    }
  },
  "170": {
    "inputs": {
      "value": "a*16",
      "a": [
        "168",
        0
      ]
    },
    "class_type": "SimpleMath+",
    "_meta": {
      "title": "🔧 Simple Math"
    }
  },
  "171": {
    "inputs": {
      "value": "a*16+1",
      "a": [
        "149",
        0
      ]
    },
    "class_type": "SimpleMath+",
    "_meta": {
      "title": "🔧 Simple Math"
    }
  },
  "174": {
    "inputs": {
      "text": ""
    },
    "class_type": "Text _O",
    "_meta": {
      "title": "$prompt.text!:The prompt for video generation, can be in either Chinese or English"
    }
  },
  "175": {
    "inputs": {
      "text": "\nThis is a workflow for generating video from text.\nThe following are the requirements for prompt writing：\n\n  Prompt words = subject (subject description) + scene (scene description) + movement (movement description) + aesthetic control + stylization\n  Subject description: The subject description is a detailed description of the subject's appearance features, which can be listed through adjectives or short sentences, such as \"A black-haired Miao girl dressed in ethnic minority costumes,\" \"A flying fairy from another world, dressed in shabby but gorgeous clothes, with a pair of strange wings made of debris spread out on her back.\"\n  Scene description: A scene description is a detailed description of the characteristics of the environment in which the subject is located, which can be listed through adjectives or short sentences.\n  Motion description: Motion description is a detailed description of the characteristics of motion, including the amplitude, speed and effect of the motion, such as \"swinging violently\", \"moving slowly\", \"breaking glass\".\n  Aesthetic control: It includes light sources, lighting environment, shot size, perspective, lens, camera movement, etc. Common lens language is detailed in the prompt word dictionary below.\n  Stylization: Stylization is a description of the style language of an image, such as \"cyberpunk\", \"line drawing\", \"post-apocalyptic style\". For common stylization, please refer to the prompt word dictionary below."
    },
    "class_type": "Text _O",
    "_meta": {
      "title": "MCP"
    }
  },
  "176": {
    "inputs": {
      "value": 720
    },
    "class_type": "easy int",
    "_meta": {
      "title": "$video_width.value:video width"
    }
  },
  "177": {
    "inputs": {
      "value": 480
    },
    "class_type": "easy int",
    "_meta": {
      "title": "$video_height.value:video height"
    }
  }
}