{
    "custom_fonts": [],
    "variables": {
        "light": {
            "--primary": "25 100% 50%",
            "--primary-foreground": "0 0% 100%",
            "--destructive": "0 0% 100%",
            "--destructive-foreground": "25 100% 50%",
            "--ring": "25 100% 50%"
        },
        "dark": {
            "--primary": "25 100% 50%",
            "--primary-foreground": "0 0% 100%",
            "--destructive": "0 0% 100%",
            "--destructive-foreground": "25 100% 50%",
            "--ring": "25 100% 50%"
        }
    }
}